notation,prefLabel,prefLabel_en,altLabel,definition,type[Overall],type[Terms],broader,scopeNote,source,sub-profile,macheco-id,howto,Verpflichtungsgrad,Feldwert,Wiederholbar,Unsicher,Empfohlene Vokabulare,relatedEntity_Entity,exactMatch_URI,DataCite,DCAT,schema.org,DublinCore,NFDI core,CIDOC CRM,Wikidata
JY9HHS,Dictionary,Dictionary,,Terms to set profile specific attributes,Class,,top,seen as `internal attributes` to define the profile terms,Object Core,,,,,,,,,,,,,,,,,
RHY8N1,Terms,Terms,,Properties to describe the Object Core Metadata Profile,Class,,top,seen as `properties` or 'relations',Object Core,,,,,,,,,,,,,,,,,
T06G7I,Entities,Entities,,Classes to interlink with the Research Data Knowledge Graph and CIDOC-CRM,Class,,top,seen as `ontology classes`,Object Core,,,,,,,,,,,,,,,,,
C3T57V,Profile,Profile,,Sub-Sets of the Object Core Metadata Profile,Class,,top,seen as `sub-sets` of the objects profile,Object Core,,,,,,,,,,,,,,,,,
CEP90O,Lists,Lists,,Controlled Lists of Items used in sub-sets of the Object Core Metadata Profile,Class,,top,seen as `drop-down lists`,Object Core,,,,,,,,,,,,,,,,,
,,,,,,,,,,,,,,,,,,,,,,,,,,
JYGNTK,Verpflichtungsgrad,degree of commitment,,Umbrella term to define the degree of commitment,property,,JY9HHS,umbrella term,Object Core,,,,,G338GB|XZYN2X|JM0BW3,,,,,,,,,,,,
EO7QK9,Wiederholbar,repeatable,,Boolean term do describe if sth. is repeatable,property,,JY9HHS,boolean term,Object Core,,,,,DC3SN2,,,,,,,,,,,,
TQKQBM,Datentyp,data type,,Umbrella term to define data types,property,,JY9HHS,umbrella term,Object Core,,,,,,,,,,,,,,,,,
H1RGOM,Empfohlene Terminologien,recommended terminologies,,Property to recommend terminologies,property,,JY9HHS,interlinking term,Object Core,,,,,XE70Z8,,,,,,,,,,,,
G338GB,Pflicht,mandatory,,[degree of commitment] it is mandatory,property,,JYGNTK,,Object Core,,,,,,,,,,,,,,,,,
CVF5M9,Bedingt Pflicht,conditionally mandatory,,"at least one event in the history of the object is mandatory. In addition to the Event type, each event must have at least one ""who"", ""where"" or ""when"".",property,,JYGNTK,,Object Core,,,,,,,,,,,,,,,,,
XZYN2X,Empfehlung,recommended,,[degree of commitment] it is recommened if available,property,,JYGNTK,,Object Core,,,,,,,,,,,,,,,,,
JM0BW3,Optional,optional,,[degree of commitment] it is recommened if available but not mendatory,property,,JYGNTK,,Object Core,,,,,,,,,,,,,,,,,
KL9LCA,Unsicherheit,uncertainty,,Property to indicate that there cam be something uncertain,property,,JY9HHS,boolean term,Object Core,,,,,DC3SN2,,,,,,,,,,,,
L2QGNY,Literal,literal,,"[data type] any literal, textual or numeric",property,,TQKQBM,from RDF Schema,RDF Schema 1.1,,,,,,,,,,http://www.w3.org/1999/02/22-rdf-syntax-ns#Literal,,,,,,,
XE70Z8,Resource,resource,,"[data type] any digital resource, e.g. URL",property,,TQKQBM,from RDF Schema,RDF Schema 1.1,,,,,,,,,,http://www.w3.org/1999/02/22-rdf-syntax-ns#Resource,,,,,,,
PI4F4S,String,string,,[data type] string (literal),property,,L2QGNY,from XML Schema,XMLSchema v1.5,,,,,,,,,,https://www.w3.org/2001/XMLSchema-datatypes#string,,,,,,,
I3XGIB,Decimal,decimal,,[data type] numeric (literal),property,,L2QGNY,from XML Schema,XMLSchema v1.5,,,,,,,,,,https://www.w3.org/2001/XMLSchema-datatypes#decimal,,,,,,,
TW6U6T,URL,URL,,[data type] anything having a URL (resource),property,,XE70Z8,,Object Core,,,,,,,,,,http://www.w3.org/1999/02/22-rdf-syntax-ns#Resource,,,,,,,
ME5OCY,Terminology Term,terminology term,,[data type] anything serving as terminology term (resource),property,,XE70Z8,,Object Core,,,,,TW6U6T,,,,,http://www.w3.org/1999/02/22-rdf-syntax-ns#Resource,,,,,,,
DC3SN2,boolean,boolean,,[data type] boolean (true/false),property,,TQKQBM,from XML Schema,XMLSchema v1.5,,,,,,,,,,,,,,,,,
BGVR25,Date,Date,,[data type] Date format; ISO 8601,property,,TQKQBM,from ISO_8601,https://www.iso.org/iso-8601-date-and-time-format.html,,,,,,,,,,,,,,,,,
MF87ON,Language,Sprache,,[data type] Language Code ISO 639,property,,TQKQBM,controlled format; two-letter ISO-639-1 language codes preferred,https://www.iso.org/obp/ui/en/#iso:std:iso:639:ed-2:v1:en,,,,,,,,,,,,,,,,,
MR9BFK,Type,,,,property,,JY9HHS,,Object Core,,,,,,,,,,,,,,,,,
HNHAYW,meta type,,,,property,,MR9BFK,,Object Core,,,,,,,,,,,,,,,,,
DQ0XA6,sub-profile type,,,,property,,MR9BFK,,Object Core,,,,,,,,,,,,,,,,,
YMGJAG,type have to be assigned,,,,property,,MR9BFK,,Object Core,,,,,,,,,,,,,,,,,
,,,,,,,,,,,,,,,,,,,,,,,,,,
LFWRP6,Metadatenvokabular Konservierung/Restaurierung,,,Metadatenvokabular Konservierung/Restaurierung,Class,,C3T57V,,Object Core,,,,,,,,,,,,,,,,,
KN2AVX,Minimaldatensatz-Empfehlung für Museen und Sammlungen,,,Minimaldatensatz-Empfehlung für Museen und Sammlungen,Class,,C3T57V,,Object Core,,,,,,,,,,,,,,,,,
KYF46O,Archäologische Aktivitäten (ARA),,,Archäologische Aktivitäten (ARA),Class,,C3T57V,,Object Core,,,,,,,,,,,,,,,,,
W5Z3U7,Objektbiografie,,,Objektbiografie (TA6),Class,,C3T57V,,Object Core,,,,,,,,,,,,,,,,,
VPR62B,WG Software Metadata Crosswalk: SoftwareSourceCode,,,Software Metadata Crosswalk on Software Sourcecode from schema.org / Codemeta to other schemes,Class,,C3T57V,,Object Core,,,,,,,,,,,,,,,,,
HUHY5R,WG Software Metadata Crosswalk: SoftwareApplication,,,Software Metadata Crosswalk on Software Applications from schema.org / Codemeta to other schemes,Class,,C3T57V,,Object Core,,,,,,,,,,,,,,,,,
J5LOVZ,Wikidata,,,Wikidata Properties that can be used for Metadata,Class,,C3T57V,,Object Core,,,,,,,,,,,,,,,,,
FGRGY1,n4o-databases-collections,,,Data from https://github.com/nfdi4objects/n4o-databases,Class,,C3T57V,,Object Core,,,,,,,,,,,,,,,,,
KLJQRH,Matrix Tools und Services Provenienzforschung,,,Tools und Services der TWG Provenienzforschung,Class,,C3T57V,,Object Core,,,,,,,,,,,,,,,,,
IN0SPM,fuzzy-sl Wikibase,,,predicates from the fuzzy sl Wikibase,Class,,C3T57V,,Object Core,,,,,,,,,,,,,,,,,
HBHNVC,open-archaeo,,,coloum names from open archaeo,Class,,C3T57V,,Object Core,,,,,,,,,,,,,,,,,
,,,,,,,,,,,,,,,,,,,,,,,,,,
Y9I2IH,type (Matrix Tools/Services Provenienzforschung),,,Technischer Typ,Class,,CEP90O,,Matrix Tools und Services Provenienzforschung,,,,,,,,,,,,,,,,,
HRVACB,category (Matrix Tools/Services Provenienzforschung),,,Kontext,Class,,CEP90O,,Matrix Tools und Services Provenienzforschung,,,,,,,,,,,,,,,,,
A0I1SV,NS-verfolgungsbedingt entzogenes Kulturgut,,,"""Kunstwerke, Bücher und andere Kulturgüter, die ihren Eigentümern zwischen 1933 und 1945 aufgrund nationalsozialistischer Verfolgung abhandengekommen sind."" (Proveana)",Class,,HRVACB,,Matrix Tools und Services Provenienzforschung,,,,,,,,,,,,,,,,,
IP5W9R,Kultur- und Sammlungsgut aus kolonialen Kontexten,,,"""Dies umfasst Objekte und menschliche Überreste, die aus kolonialen Kontexten stammen."" (Proveana)",Class,,HRVACB,,Matrix Tools und Services Provenienzforschung,,,,,,,,,,,,,,,,,
D1ZG69,Kulturgutentziehungen in SBZ und DDR,,,"Proveana: ""Kulturgutverluste privater Eigentümer [...], die in der Sowjetischen Besatzungszone (SBZ, 1945–1949) und in der Deutschen Demokratischen Republik (DDR, 1949–1990) durch Behörden und andere staatliche Akteure verursacht wurden."" (https://www.proveana.de/de/ueber-proveana/grundlagen-von-proveana; Stand: 5.3.25)",Class,,HRVACB,,Matrix Tools und Services Provenienzforschung,,,,,,,,,,,,,,,,,
IVETAX,Kriegsbedingt verlagertes Kulturgut,,,"""Kulturgutverluste privater Eigentümer [...], die in der Sowjetischen Besatzungszone (SBZ, 1945–1949) und in der Deutschen Demokratischen Republik (DDR, 1949–1990) durch Behörden und andere staatliche Akteure verursacht wurden."" (Proveana)",Class,,HRVACB,,Matrix Tools und Services Provenienzforschung,,,,,,,,,,,,,,,,,
Z5V1LB,Secret/Sacred Objects,,,Religiöse bzw. heilige Objekte und politische Symbolträger (z.B. eine Krone).,Class,,HRVACB,,Matrix Tools und Services Provenienzforschung,,,,,,,,,,,,,,,,,
SZMZE4,Human Remains,,,In vielen deutschen Museen und anderen Sammlungen lagern menschliche Überreste aus der ganzen Welt.,Class,,HRVACB,,Matrix Tools und Services Provenienzforschung,,,,,,,,,,,,,,,,,
A0VF7A,Naturkunde/Naturwissenschaft,,,Auch in Sammlungen mit naturwissenschaftlicher Ausrichtung können sich Objekte mit zweifelhafter Herkunft befinden.,Class,,HRVACB,,Matrix Tools und Services Provenienzforschung,,,,,,,,,,,,,,,,,
WXJBI5,Netzwerke und Services,,,"Es gibt verschiedene Anlaufstellen und Netzwerke in Deutschland, die im Bereich der Provenienzforschung in verschiedenen Entzugskontexten unterstützen. Diese gewähren finanzielle Förderungen, geben wichtige Empfehlungen für die Praxis oder unterstützen die Vernetzung unter den Provenienzforschenden.",Class,,Y9I2IH,,Matrix Tools und Services Provenienzforschung,,,,,,,,,,,,,,,,,
UQBLZP,Recherche und Ressource,,,"In diese Kategorie fallen Datenbanken, Archive und weitere Digitalisate mit einer Relevanz zur Erforschung von Provenienzen von Objekten und menschlichen Überresten.",Class,,Y9I2IH,,Matrix Tools und Services Provenienzforschung,,,,,,,,,,,,,,,,,
PSEBRV,Digitale Anwendungen,,,"Unter digitalen Anwendungen sind Vokabulare, Ontologien, Thesauri, Metadatenstandards, Tools usw. zusammengefasst, die für Provenienzforschung und das Sammlungsmangement relevant sind bzw. benutzt werden können.",Class,,Y9I2IH,,Matrix Tools und Services Provenienzforschung,,,,,,,,,,,,,,,,,
UOVWQQ,Empfehlungen,,,"Handreichungen, Empfehlungen, Linklisten, Übersichten und Leitfäden zu Sammlungsmanagement, Provenienzforschung und zur digitalen Datenerfassung.",Class,,Y9I2IH,,Matrix Tools und Services Provenienzforschung,,,,,,,,,,,,,,,,,
G66JN6,Categories,,,categories from open-archaeo,Class,,CEP90O,,open-archeo tags,,,,,,,,,,,,,,,,,
EFP2FM,Software,,,software categories from open-archaeo,Class,,G66JN6,,open-archeo tags,,,,,,,,,,,,,,,,,
T5DNO2,Documents,,,document categories from open archaeo,Class,,G66JN6,,open-archeo tags,,,,,,,,,,,,,,,,,
CB3GVW,Packages and libraries,,,"Sets of functions assembled with clear purpose, and made accessible using standards established by an underlying platform.",Class,,EFP2FM,,open-archeo tags,,,,,,,,,,,,,,,,,
XZGGVB,Standalone software,,,Software that may be operated without needing to first access an underlying platform.,Class,,EFP2FM,,open-archeo tags,,,,,,,,,,,,,,,,,
M8INY0,Scripts,,,"Sets of pragmatically assembled mutable functions, often lacking complete documentation or adherence to protocols that would otherwise facilitate secondary use outside their original contexts of creation.",Class,,EFP2FM,,open-archeo tags,,,,,,,,,,,,,,,,,
YN6OML,"Specifications, protocols and schemas",,,A formal data structure or framework intended to be used as a model.,Class,,T5DNO2,,open-archeo tags,,,,,,,,,,,,,,,,,
EKUR4C,Products,,,Stable outcomes of creative work.,Class,,T5DNO2,,open-archeo tags,,,,,,,,,,,,,,,,,
R1AD8L,Guides,,,An educational resource or documented protocol meant to instruct readers how to apply relevant tools or techniques.,Class,,T5DNO2,,open-archeo tags,,,,,,,,,,,,,,,,,
WWODJN,Lists and datasets,,,A series of consistently organized observations assembled with purpose.,Class,,T5DNO2,,open-archeo tags,,,,,,,,,,,,,,,,,
>> Entities,,,,,,,,,,,,,,,,,,,,,,,,,,
DGSLS7,E1 Entity,E1 Entity,,This class comprises all things in the universe of discourse of the CIDOC Conceptual Reference Model.,Class,,T06G7I,,CIDOC-CRM v7.1.3,,macheco:F-DGSLS7,,,,,,,,http://www.cidoc-crm.org/cidoc-crm/E1_CRM_Entity,,,,,,,
M3NSIV,E39 Actor,E39 Actor,,"This class comprises people, either individually or in groups, who have the potential to perform intentional actions of kinds for which they can be held responsible.",Class,,DGSLS7,,CIDOC-CRM v7.1.3,,macheco:F-M3NSIV,,,,,,,,http://www.cidoc-crm.org/cidoc-crm/E39_Actor,,,,,,,
FFYJTZ,E53 Place,E53 Place,,"This class comprises extents in the natural space where people live, in particular on the surface of the Earth, in the pure sense of physics: independent from temporal phenomena and matter. They may serve describing the physical location of things or phenomena or other areas of interest.",Class,,DGSLS7,,CIDOC-CRM v7.1.3,,macheco:F-FFYJTZ,,,,,,,,http://www.cidoc-crm.org/cidoc-crm/E53_Place,,,,,,,
RKNT00,E2 Temporal Entity,E2 Temporal Entity,,"This class comprises all phenomena, such as the instances of E4 Periods and E5 Events, which happen over a limited extent in time. This extent in time must be contiguous, i.e., without gaps.",Class,,DGSLS7,,CIDOC-CRM v7.1.3,,macheco:F-RKNT00,,,,,,,,,,,,,,,
XNDA95,E5 Event,E5 Event,,"This class comprises distinct, delimited and coherent processes and interactions of a material nature, in cultural, social or physical systems, involving and affecting instances of E77 Persistent Item in a way characteristic of the kind of process.",Class,,RKNT00,,CIDOC-CRM v7.1.3,,macheco:F-XNDA95,,,,,,,,http://www.cidoc-crm.org/cidoc-crm/E5_Event,,,,,,,
PKXD5U,E70 Thing,E70 Thing,,"This general class comprises discrete, identifiable, instances of E77 Persistent Item that are documented as single units, that either consist of matter or depend on being carried by matter and are characterized by relative stability.",Class,,DGSLS7,,CIDOC-CRM v7.1.3,,macheco:F-PKXD5U,,,,,,,,http://www.cidoc-crm.org/cidoc-crm/E70_Thing,,,,,,,
E54Q7Z,E71 Human Made Thing,E71 Human Made Thing,,"This class comprises discrete, identifiable human-made items that are documented as single units.",Class,,PKXD5U,,CIDOC-CRM v7.1.3,,macheco:F-E54Q7Z,,,,,,,,http://www.cidoc-crm.org/cidoc-crm/E71_Human-Made_Thing,,,,,,,
TWRCK6,E24 Physical Human Made Thing,E24 Physical Human Made Thing,,This class comprises all persistent physical items of any size that are purposely created by human activity.,Class,,E54Q7Z,,CIDOC-CRM v7.1.3,,macheco:F-TWRCK6,,,,,,,,http://www.cidoc-crm.org/cidoc-crm/E24_Physical_Human-Made_Thing,,,,,,,
VT14KK,E22 Human Made Object,E22 Human Made Object,,This class comprises all persistent physical objects of any size that are purposely created by human activity and have physical boundaries that separate them completely in an objective way from other objects.,Class,,TWRCK6,,CIDOC-CRM v7.1.3,,macheco:F-VT14KK,,,,,,,,http://www.cidoc-crm.org/cidoc-crm/E22_Human-Made_Object,,,,,,,
AUI6OG,E25 Human Made Feature,E25 Human Made Feature,,"his class comprises physical features that are purposely created by human activity, such as scratches, artificial caves, artificial water channels, etc.",Class,,TWRCK6,,CIDOC-CRM v7.1.3,,macheco:F-AUI6OG,,,,,,,,http://www.cidoc-crm.org/cidoc-crm/E25_Human-Made_Feature,,,,,,,
VQZ4BM,E18 Physical Thing,E18 Physical Thing,,"This class comprises all persistent physical items with a relatively stable form, human-made or natural.",Class,,PKXD5U,,CIDOC-CRM v7.1.3,,macheco:F-VQZ4BM,,,,,,,,http://www.cidoc-crm.org/cidoc-crm/E18_Physical_Thing,,,,,,,
KAQF00,E19 Physical Object,E19 Physical Object,,This class comprises items of a material nature that are units for documentation and have physical boundaries that separate them completely in an objective way from other objects.,Class,,VQZ4BM,,CIDOC-CRM v7.1.3,,macheco:F-KAQF00,,,,,,,,http://www.cidoc-crm.org/cidoc-crm/E19_Physical_Object,,,,,,,
PK5RI8,E20 Biologial Object,E20 Biologial Object,,"This class comprises individual items of a material nature, which live, have lived, or are natural products of or from living organisms.",Class,,KAQF00,,CIDOC-CRM v7.1.3,,macheco:F-PK5RI8,,,,,,,,http://www.cidoc-crm.org/cidoc-crm/E20_Biological_Object,,,,,,,
IAUKDD,E41 Appellation,E41 Appellation,,"This class comprises all signs, either meaningful or not, or arrangements of signs following a specific syntax, that are used or can be used to refer to and identify a specific instance of some class within a certain context.",Class,,E54Q7Z,,CIDOC-CRM v7.1.3,,macheco:F-IAUKDD,,,,,,,,http://www.cidoc-crm.org/cidoc-crm/E41_Appellation,,,,,,,
FA2GRP,E55 Type,E55 Type,,This class comprises concepts denoted by terms from thesauri and controlled vocabularies used to characterize and classify instances of CIDOC CRM classes.,Class,,E54Q7Z,,CIDOC-CRM v7.1.3,,macheco:F-FA2GRP,,,,,,,,http://www.cidoc-crm.org/cidoc-crm/E55_Type,,,,,,,
NCWZ6Q,E73 Information Object,E73 Information Object,,"This class comprises identifiable immaterial items, such as poems, jokes, data sets, images, texts, multimedia objects, procedural prescriptions, computer program code, algorithm or mathematical formulae, that have an objectively recognizable structure and are documented as single units.",Class,,PKXD5U,,CIDOC-CRM v7.1.3,,macheco:F-NCWZ6Q,,,,,,,,,,,,,,,
T4WUQ4,E57 Material,E57 Material,,This class is a specialization of E55 Type and comprises the concepts of materials.,Class,,FA2GRP,,CIDOC-CRM v7.1.3,,macheco:F-T4WUQ4,,,,,,,,http://www.cidoc-crm.org/cidoc-crm/E57_Material,,,,,,,
EEC3OY,D1 Digital Object,D1 Digital Object,,"This class comprises identifiable immaterial items that can be represented as sets of bit sequences, such as data sets, e-texts, images, audio or video items, software, etc., and are documented as single units.",Class,,NCWZ6Q,,CRMdig v3.2.1,,macheco:F-EEC3OY,,,,,,,,,,,,,,,
BMANTK,D2 Digitization Process,D2 Digitization Process,,"This class comprises events that result in the creation of instances of D9 Data Object that represent the appearance and/or form of an instance of E18 Physical Thing such as paper documents, statues, buildings, paintings, etc.",Class,,XNDA95,,CRMdig v3.2.1,,macheco:F-BMANTK,,,,,,,,,,,,,,,
M3UTNZ,E7 Digital Machine Event,E7 Digital Machine Event,,This class comprises events that happen on physical digital devices following a human activity that intentionally caused its immediate or delayed initiation and results in the creation of a new instance of D1 Digital Object on behalf of the human actor.,Class,,XNDA95,,CRMdig v3.2.1,,macheco:F-M3UTNZ,,,,,,,,,,,,,,,
KDAWCF,D9 Data Object,D9 Data Object,,This class comprises events that happen on physical digital devices following a human activity that intentionally caused its immediate or delayed initiation and results in the creation of a new instance of D1 Digital Object on behalf of the human actor.,Class,,NCWZ6Q,,CRMdig v3.2.1,,macheco:F-KDAWCF,,,,,,,,,,,,,,,
E9RPOU,D10 Software Execution,D10 Software Execution,,This class comprises events that happen on physical digital devices following a human activity that intentionally caused its immediate or delayed initiation and results in the creation of a new instance of D1 Digital Object on behalf of the human actor.,Class,,XNDA95,,CRMdig v3.2.1,,macheco:F-E9RPOU,,,,,,,,,,,,,,,
OK66T3,D13 Digital Information Carrier,D13 Digital Information Carrier,,"This class comprises all instances of E84 Information Carrier that are explicitly designed to be used as persistent digital physical carriers of instances of D1 Digital Object. A D13 Digital Information Carrier may or may not contain information, e.g., an empty diskette.",Class,,VQZ4BM,,CRMdig v3.2.1,,macheco:F-OK66T3,,,,,,,,,,,,,,,
Y12LLC,D14 Software,D14 Software,,"This class comprises software codes, computer programs, procedures and functions that are used to operate a system of digital objects.",Class,,EEC3OY,,CRMdig v3.2.1,,macheco:F-Y12LLC,,,,,,,,,,,,,,,
LW2J1W,E84 Information Carrier,E84 Information Carrier,,This class comprises all instances of E22 Man-Made Object that are explicitly designed to act as persistent physical carriers for instances of E73 Information Object.,Class,,VT14KK,deprecated in newer CIDOC-CRM versions,CIDOC-CRM v6.2.1,,macheco:F-LW2J1W,,,,,,,,,,,,,,,
O8UZ2A,Entity (PROV),Entity (PROV),,"An entity is a physical, digital, conceptual, or other kind of thing with some fixed aspects; entities may be real or imaginary.",Class,,DGSLS7,,W3C Recommendation 30 Apr 2013,,macheco:F-O8UZ2A,,,,,,,,http://www.w3.org/ns/prov#Entitiy,,,,,,,
KXB3YB,Activity (PROV),Activity (PROV),,"An activity is something that occurs over a period of time and acts upon or with entities; it may include consuming, processing, transforming, modifying, relocating, using, or generating entities.",Class,,XNDA95,,W3C Recommendation 30 Apr 2013,,macheco:F-KXB3YB,,,,,,,,http://www.w3.org/ns/prov#Activity,,,,,,,
UD7DTU,Agent (PROV),Agent (PROV),,"An agent is something that bears some form of responsibility for an activity taking place, for the existence of an entity, or for another agent's activity.",Class,,DGSLS7,can be a human or software,W3C Recommendation 30 Apr 2013,,macheco:F-UD7DTU,,,,,,,,http://www.w3.org/ns/prov#Agent,,,,,,,
XOOXXY,information content entity (BFO / IAO),information content entity (NFDIcore),,An information content entity is an entity that is generically dependent on some artifact and stands in relation of aboutness to some entity.,Class,,DGSLS7,,BFO / IAO,,macheco:F-XOOXXY,,,,,,,,http://purl.obolibrary.org/obo/IAO_0000030,,,,,,,
AVVZYP,Resource (DCAT),Resource (DCAT),,"dcat:Resource represents a dataset, a data service or any other resource that may be described by a metadata record in a catalog.",Class,,XOOXXY,,DCACT v3,,macheco:F-AVVZYP,,,,,,,,http://www.w3.org/ns/dcat#Resource,,,,,,,
R7HUAW,Netzwerke und Services,Netzwerke und Services (Matrix PROV-RES),,"Es gibt verschiedene Anlaufstellen und Netzwerke in Deutschland, die im Bereich der Provenienzforschung in verschiedenen Entzugskontexten unterstützen. Diese gewähren finanzielle Förderungen, geben wichtige Empfehlungen für die Praxis oder unterstützen die Vernetzung unter den Provenienzforschenden.",Class,,AVVZYP,subclass of dcat:Resource for OCMDP sub-profile,Matrix PROV-RES v1,,macheco:F-R7HUAW,,,,,,,,,,,,,,,
YBBA5L,Digitale Anwendungen,Digitale Anwendungen (Matrix PROV-RES),,"Unter digitalen Anwendungen sind Vokabulare, Ontologien, Thesauri, Metadatenstandards, Tools usw. zusammengefasst, die für Provenienzforschung und das Sammlungsmangement relevant sind bzw. benutzt werden können.",Class,,AVVZYP,subclass of dcat:Resource for OCMDP sub-profile,Matrix PROV-RES v1,,macheco:F-YBBA5L,,,,,,,,,,,,,,,
E5JM9H,Empfehlungen,Empfehlungen (Matrix PROV-RES),,"Handreichungen, Empfehlungen, Linklisten, Übersichten und Leitfäden zu Sammlungsmanagement, Provenienzforschung und zur digitalen Datenerfassung.",Class,,AVVZYP,subclass of dcat:Resource for OCMDP sub-profile,Matrix PROV-RES v1,,macheco:F-E5JM9H,,,,,,,,,,,,,,,
YLF126,data set (BFO / IAO),data set (BFO / IAO),,A data item that is an aggregate of other data items of the same type that have something in common.,Class,,DGSLS7,,BFO / IAO,,macheco:F-YLF126,,,,,,,,http://purl.obolibrary.org/obo/IAO_0000100,,,,,,,
MRGLEV,dataset (NFDIcore),dataset (NFDIcore),,"An information content entity that refers to a structured collection of data, organized typically for a specific goal such as analysis, research, or reference. Dataset is structured information about a resource provided by an organization or a person.",Class,,YLF126,,NFDIcore v3.0.1,,macheco:F-MRGLEV,,,,,,,,https://nfdi.fiz-karlsruhe.de/ontology/NFDI_0000009,,,,,,,
H5KD3F,Dataset (DCAT),Dataset (DCAT),,"dcat:Dataset represents a collection of data, published or curated by a single agent or identifiable community",Class,,MRGLEV,,DCACT v3,,macheco:F-H5KD3F,,,,,,,,,,,,,,,
MGQGXG,Recherche und Ressource (Matrix PROV-RES),Recherche und Ressource (Matrix PROV-RES),,"Datenbanken, Archive und weitere Digitalisate mit einer Relevanz zur Erforschung von Provenienzen von Objekten und menschlichen Überresten.",Class,,H5KD3F,subclass of dcat:Resource for OCMDP sub-profile,Matrix PROV-RES v1,,macheco:F-MGQGXG,,,,,,,,,,,,,,,
BZ1YP5,DataService (DCAT),DataService (DCAT),,dcat:DataService represents a collection of operations accessible through an interface (API) that provide access to one or more datasets or data processing functions.,Class,,DGSLS7,,DCACT v3,,macheco:F-BZ1YP5,,,,,,,,,,,,,,,
G7Q645,Catalog (DACT),Catalog (DACT),,"dcat:Catalog represents a catalog, which is a dataset in which each individual item is a metadata record describing some resource; the scope of dcat:Catalog is collections of metadata about datasets, data services, or other resource types.",Class,,DGSLS7,,DCACT v3,,macheco:F-G7Q645,,,,,,,,http://www.w3.org/ns/dcat#Catalog,,,,,,,
PD7I1U,Concept (SKOS),Concept (SKOS),,"A SKOS concept can be viewed as an idea or notion; a unit of thought. However, what constitutes a unit of thought is subjective, and this definition is meant to be suggestive, rather than restrictive.",Class,,FA2GRP,,W3C Recommendation 18 Aug 2009,,macheco:F-PD7I1U,,,,,,,,,,,,,,,
UK7HFD,Concept Scheme (SKOS),Concept Scheme (SKOS),,SKOS concept scheme can be viewed as an aggregation of one or more SKOS concepts. Semantic relationships (links) between those concepts may also be viewed as part of a concept scheme.,Class,,G7Q645,,W3C Recommendation 18 Aug 2009,,macheco:F-UK7HFD,,,,,,,,,,,,,,,
N2UPSS,Software Source Code (schema.org),Software Source Code (schema.org),,"Computer programming source code. Example: Full (compile ready) solutions, code snippet samples, scripts, templates.",Class,,QHSRYL,,Schema.org,,macheco:F-N2UPSS,,,,,,,,https://schema.org/SoftwareSourceCode,,,,,,,
KXMYTM,Creative Work (schema.org),Creative Work (schema.org),,"The most generic kind of creative work, including books, movies, photographs, software programs, etc.",Class,,E54Q7Z,,Schema.org,,macheco:F-KXMYTM,,,,,,,,https://schema.org/CreativeWork,,,,,,,
QHSRYL,Software Application (schema.org),Software Application (schema.org),,A software application.,Class,,Y12LLC,,Schema.org,,macheco:F-QHSRYL,,,,,,,,https://schema.org/SoftwareApplication,,,,,,,
H1QJDU,Description Type (DataCite),Description Type (DataCite),,This class permits classification of the type of description given to a resource described by the DataCite Metadata schema.  Individual members of the class conform to the five values allowed in the DataCite controlled list.,Class,,H5KD3F,,DataCite 1.2,,macheco:F-H1QJDU,,,,,,,,http://purl.org/spar/datacite/DescriptionType,,,,,,,
Z0E7WH,Identifier Scheme (DataCite),Identifier Scheme (DataCite),,"The identifier scheme used to identify an entity such as a funding agency, a person or a resource. Individual schemes are defines as members of this class.",Class,,EEC3OY,,DataCite 1.2,,macheco:F-Z0E7WH,,,,,,,,http://purl.org/spar/datacite/IdentifierScheme,,,,,,,
,,,,,,,,,,,,,,,,,,,,,,,,,,
KX62YX,Identifier,,Identifikator,,,HNHAYW,RHY8N1,,Object Core,,macheco:f-KX62YX,,G338GB,PI4F4S,nein,nein,,IAUKDD,,Identifier,dct:identifier,https://schema.org/identifier,identifier,NFDI:0000015,http://www.cidoc-crm.org/cidoc-crm/P48_has_preferred_identifier,
W0PDK4,Label,,Bezeichnung,,,HNHAYW,RHY8N1,,Object Core,,macheco:f-W0PDK4,,G338GB,PI4F4S,ja,hein,,IAUKDD,,Title,dct:title,https://schema.org/name,title,IAO:0000590,http://www.cidoc-crm.org/cidoc-crm/P102_has_title,
KP15EJ,Description,,Beschreibung,,,HNHAYW,RHY8N1,,Object Core,,macheco:f-KP15EJ,,G338GB,PI4F4S,ja,nein,,IAUKDD,,Description,dct:description,https://schema.org/description,,,http://www.cidoc-crm.org/cidoc-crm/P3_has_note,
FEO71C,creator,,,,,HNHAYW,RHY8N1,,Object Core,,macheco:f-FEO71C,,,,,,,,,,,,,,,
OO56ML,version,,,,,HNHAYW,RHY8N1,,Object Core,,macheco:f-OO56ML,,,,,,,,,,,,,,,
VDCYC4,Software Source Code,,,,,HNHAYW,RAE30P,,Schema.org,,macheco:f-VDCYC4,,,,,,,,,,,,,,,
RAE30P,Software Application,,,,,HNHAYW,RHY8N1,,Schema.org,,macheco:f-RAE30P,,,,,,,,,,,,,,,
N8V5BR,Thing / Creative Work,,,,,HNHAYW,RHY8N1,,Schema.org,,macheco:f-N8V5BR,,,,,,,,,,,,,,,
BHPPV6,Codemeta Terms,,,,,HNHAYW,RHY8N1,,CodeMeta,,macheco:f-BHPPV6,,,,,,,,,,,,,,,
GGG4XU,source,,,,,HNHAYW,RHY8N1,,Object Core,,macheco:f-GGG4XU,,,,,,,,,,,,,,,
B6LS0S,contact,,,,,HNHAYW,RHY8N1,,Object Core,,macheco:f-B6LS0S,,,,,,,,,,,,,,,
V8HDG6,see also URL,,,,,HNHAYW,RHY8N1,,Object Core,,macheco:f-V8HDG6,,,,,,,,,,,,,,,
H0IEJF,keyword,,,,,HNHAYW,RHY8N1,,Object Core,,macheco:f-H0IEJF,,,,,,,,,,,,,,,
V4JDTK,type,,category,,,HNHAYW,RHY8N1,,Object Core,,macheco:f-V4JDTK,,,,,,,,,,,,,,,
DMNAV5,code repository,,,,,HNHAYW,RHY8N1,,Object Core,,macheco:f-DMNAV5,,,,,,,,,,,,,,,
VFCI6M,[have to be assigned],,,,,HNHAYW,RHY8N1,,Object Core,,macheco:f-VFCI6M,,,,,,,,,,,,,,,
EBTWZ2,location,,,,,HNHAYW,RHY8N1,,Object Core,,macheco:f-EBTWZ2,,,,,,,,,,,,,,,
QAAJ5W,has geometry,,,,,HNHAYW,RHY8N1,,Object Core,,macheco:f-QAAJ5W,,,,,,,,,,,,,,,
F1CNR9,Lizenz,license,,,,HNHAYW,RHY8N1,,Object Core,,macheco:f-F1CNR9,,,,,,,,,,,,,,,
AYXDLU,related person,,,,,HNHAYW,RHY8N1,,Object Core,,macheco:f-AYXDLU,,,,,,,,,,,,,,,
B49OER,Datierung,dating,,,,HNHAYW,RHY8N1,,Object Core,,macheco:f-B49OER,,,,,,,,,,,,,,,
L6C5YL,date,,,,,HNHAYW,RHY8N1,,Object Core,,macheco:f-L6C5YL,,,,,,,,,,,,,,,
,,,,,,,,,,,,,,,,,,,,,,,,,,
NPIU6Z,Objekttitel oder -benennung,Object title or name,,Unique title or name of the object or work for online presentation,,DQ0XA6,W0PDK4,,Minimaldatensatzempfehlung,KN2AVX,,,G338GB,PI4F4S,,nein,,IAUKDD,,,,name,,,,
N7GSJC,Objekttyp oder -bezeichnung,Object type or designation,,"The object type is the most specific way of describing what an object or work is, specifying as precisely as possible the type of object to which it belongs.",,DQ0XA6,V4JDTK,,Minimaldatensatzempfehlung,KN2AVX,,,G338GB,ME5OCY,,nein,,,,,,subjectOf,,,,
AG90KQ,Klassifikation,Classification,,Assignment of the object or work to a classification or other vocabulary that groups similar objects on the basis of defined characteristics,,DQ0XA6,V4JDTK,,Minimaldatensatzempfehlung,KN2AVX,,,XZYN2X,ME5OCY,ja,nein,,,,,,keywords,,,,
FYX7BJ,Inventarnummer,Inventory number,,"Unique (alpha)numeric identification number of the object, assigned by the institution holding the object, which serves as proof of ownership",,DQ0XA6,KX62YX,,Minimaldatensatzempfehlung,KN2AVX,,,G338GB,PI4F4S,ja,nein,,,,,,sameAs,,,,
O83VQV,Objektbeschreibung,Object description,,Textual description of the object or work,,DQ0XA6,KP15EJ,,Minimaldatensatzempfehlung,KN2AVX,,,XZYN2X,PI4F4S,ja,nein,,,,,,description,,,,
NXSH0Z,Material,Materials,,An indication of the materials from which an object or work is made,,YMGJAG,VFCI6M,,Minimaldatensatzempfehlung,KN2AVX,,,XZYN2X,ME5OCY,ja,nein,,,,,,,,,,
L4QL7A,Technik,Techniques,,"Indication of the technique used in the production, preparation or preservation/storage of the object or work",,YMGJAG,VFCI6M,,Minimaldatensatzempfehlung,KN2AVX,,,XZYN2X,ME5OCY,ja,nein,,,,,,,,,,
NZ1L1C,Maße,Measurements,,Information on the dimensions of an object or work,,YMGJAG,VFCI6M,,Minimaldatensatzempfehlung,KN2AVX,,,XZYN2X,I3XGIB,ja,nein,,,,,,,,,,
II4KBR,Ereignistyp,Event type,,Type of event in the history of the object,,DQ0XA6,V4JDTK,Ereignis in der Objektgeschichte [Feldgruppe] (Pflicht),Minimaldatensatzempfehlung,KN2AVX,,,G338GB,PI4F4S,nein,nein,,,,,,,,,,
W4Q54V,Person/Körperschaft,Person/corporate body,,"In the history of the object, the person or corporate body involved in the event described",,DQ0XA6,AYXDLU,Ereignis in der Objektgeschichte [Feldgruppe] (Pflicht),Minimaldatensatzempfehlung,KN2AVX,,,CVF5M9,PI4F4S,ja,nein,,,,,,creator,,,,
VM0C3V,Datierung,Date,,Date (precise date or time period) when the event in the object history occurred,,DQ0XA6,B49OER,Ereignis in der Objektgeschichte [Feldgruppe] (Pflicht),Minimaldatensatzempfehlung,KN2AVX,,,CVF5M9,BGVR25,nein,nein,,,,,,"dateModified, temporalCoverage, dateCreated",,,,
J7B6IT,Ort,Place,,Place where the event described in the object history occurred,,DQ0XA6,EBTWZ2,Ereignis in der Objektgeschichte [Feldgruppe] (Pflicht),Minimaldatensatzempfehlung,KN2AVX,,,CVF5M9,PI4F4S,ja,nein,,,,,,spatialCoverage,,,,
XRPX8T,Inhaltsschlagwort,Subject keyword,,Designation of an item depicted on the object/work or of a subject covered by the object or work,,DQ0XA6,H0IEJF,,Minimaldatensatzempfehlung,KN2AVX,,,XZYN2X,ME5OCY,ja,nein,,,,,,,,,,
IN8FTA,Link zur Mediendatei,Link to media file,,"Digital representation (e.g. digital image, video, 3D object, audio file) of the cultural heritage object, which is accessed via a direct stable link",,DQ0XA6,V8HDG6,Mediendatei [Feldgruppe] (Pflicht),Minimaldatensatzempfehlung,KN2AVX,,,G338GB,XE70Z8,ja,nein,,,,,,"distribution, url",,,,
J7BFQ1,Nutzungsrechte Mediendatei,Usage rights of media file,,Indication of copyright status and usage rights of the digital representation,,DQ0XA6,F1CNR9,Mediendatei [Feldgruppe] (Pflicht),Minimaldatensatzempfehlung,KN2AVX,,,G338GB,TW6U6T,nein,nein,,,,,,,,,,
W6IBZZ,Rechtewahrnehmung Mediendatei,Rights holder of media file,,Holder of usage rights of the digital representation,,DQ0XA6,F1CNR9,Mediendatei [Feldgruppe] (Pflicht),Minimaldatensatzempfehlung,KN2AVX,,,CVF5M9,PI4F4S,ja,nein,,,,,,copyrightHolder,,,,
TY837W,Alternativtext,Alternative text,,The alternative text is a description of the image content to make the media file (digital representation) accessible to people who cannot see it.,,DQ0XA6,VFCI6M,Mediendatei [Feldgruppe] (Pflicht),Minimaldatensatzempfehlung,KN2AVX,,,XZYN2X,PI4F4S,ja,nein,,,,,,,,,,
U2H4FS,ID Datensatz,Record ID,,Globally unique identifier for the data record on the object,,DQ0XA6,KX62YX,,Minimaldatensatzempfehlung,KN2AVX,,,G338GB,PI4F4S,nein,nein,,,,,,identifier,,,,
PS17P1,Sprache des Datensatzes,Record language,,Indication of the language of the metadata record,,YMGJAG,VFCI6M,,Minimaldatensatzempfehlung,KN2AVX,,,G338GB,MF87ON,nein,nein,,,,,,language,,,,
SUC0KE,Datensatzart,Record type,,Type of data record regarding whether it describes a single object or a group of objects,,DQ0XA6,V4JDTK,,Minimaldatensatzempfehlung,KN2AVX,,,G338GB,ME5OCY,nein,nein,,,,,,distribution.encodingFormat,,,,
WF8UZW,Verwahrende Einrichtung,Repository of object,,Name of the institution holding the cultural heritage object,,YMGJAG,VFCI6M,,Minimaldatensatzempfehlung,KN2AVX,,,G338GB,ME5OCY,ja,nein,,,,,,contributor,,,,
NFD0OM,Datensatzerstellende Einrichtung,Institution providing record,,Name of the institution that created the record,,DQ0XA6,FEO71C,,Minimaldatensatzempfehlung,KN2AVX,,,G338GB,ME5OCY,ja,nein,,,,,,"publisher, producer",,,,
MYRFBI,Mediendatei: Medientyp,Media file: type of media file,,Type of media file,,YMGJAG,VFCI6M,,Minimaldatensatzempfehlung,KN2AVX,,,G338GB,ME5OCY,nein,nein,,,,,,fileFormat,,,,
SL5IM1,Nutzungsrechte Metadaten,Usage rights of metadata record,,Indication of copyright status and usage rights of the metadata record,,DQ0XA6,F1CNR9,,Minimaldatensatzempfehlung,KN2AVX,,,G338GB,ME5OCY,nein,nein,,,,,,license,,,,
HXKTF8,Link zum veröffentlichten Metadatensatz,Link to published metadata record,,Persistent link to a presentation of the object which is publicly available on the web,,DQ0XA6,V8HDG6,,Minimaldatensatzempfehlung,KN2AVX,,,XZYN2X,XE70Z8,ja,nein,,,,,,contentURL,,,,
QH2X8P,Datierung des Datensatzes,Record date,,Export date of the record,,DQ0XA6,B49OER,,Minimaldatensatzempfehlung,KN2AVX,,,XZYN2X,BGVR25,nein,nein,,,,,,copyrightYear,,,,
,,,,,,,,,,,,,,,,,,,,,,,,,,
QZ9IVE,Quelle,Source,,"Source where the information of the object is stated (text, URI)",,DQ0XA6,GGG4XU,,Objektbiografie,W5Z3U7,,,CVF5M9,PI4F4S,ja,nein,,,,,,,,,,
D6JGWE,Version,Version,,Version of the data set,,DQ0XA6,OO56ML,,Objektbiografie,W5Z3U7,,,XZYN2X,PI4F4S,nein,nein,,,,,,,,,,
,,,,,,,,,,,,,,,,,,,,,,,,,,
IFA13Q,codeRepository,,,"Link to the repository where the un-compiled, human readable code and related code is located (SVN, GitHub, CodePlex, institutional GitLab instance, etc.).",,DQ0XA6,DMNAV5,In Codemeta also used for SoftwareApplication(?),Schema.org SoftwareSourceCode,VPR62B,,,,,,,,,,,,,,,,
PDD6K5,codeSampleType,,,"What type of code sample: full (compile ready) solution, code snippet, inline code, scripts, template. Supersedes sampleType.",,HNHAYW,VDCYC4,Not in CodeMeta,Schema.org SoftwareSourceCode,VPR62B,,,,,,,,,,,,,,,,
SQ1RGW,programmingLanguage,,,The computer programming language.,,HNHAYW,VDCYC4,In Codemeta also used for SoftwareApplication(?),Schema.org SoftwareSourceCode,VPR62B,,,,,,,,,,,,,,,,
PBSVM0,runtimePlatform,,,"Runtime platform or script interpreter dependencies (Example - Java v1, Python2.3, .Net Framework 3.0). Supersedes runtime.",,HNHAYW,VDCYC4,In Codemeta also used for SoftwareApplication(?),Schema.org SoftwareSourceCode,VPR62B,,,,,,,,,,,,,,,,
QRB8EU,targetProduct,,,"Target Operating System / Product to which the code applies. If applies to several versions, just the product name can be used.",,HNHAYW,VDCYC4,In Codemeta also used for SoftwareApplication(?),Schema.org SoftwareSourceCode,VPR62B,,,,,,,,,,,,,,,,
AG1JPV,author,,,,,DQ0XA6,FEO71C,,Schema.org CreativeWork,VPR62B,,,,,,,,,,,,,,,,
Z8K26T,citation,,,,,HNHAYW,N8V5BR,,Schema.org CreativeWork,VPR62B,,,,,,,,,,,,,,,,
LDPVTQ,contributor,,,,,YMGJAG,VFCI6M,,Schema.org CreativeWork,VPR62B,,,,,,,,,,,,,,,,
BZQ5JS,copyrightHolder,,,,,HNHAYW,N8V5BR,,Schema.org CreativeWork,VPR62B,,,,,,,,,,,,,,,,
BCNZPJ,copyrightYear,,,,,HNHAYW,N8V5BR,,Schema.org CreativeWork,VPR62B,,,,,,,,,,,,,,,,
PVOL9A,dateCreated,,,,,YMGJAG,VFCI6M,,Schema.org CreativeWork,VPR62B,,,,,,,,,,,,,,,,
HRHZAS,dateModified,,,,,YMGJAG,VFCI6M,,Schema.org CreativeWork,VPR62B,,,,,,,,,,,,,,,,
O9IGKD,datePublished,,,,,YMGJAG,VFCI6M,,Schema.org CreativeWork,VPR62B,,,,,,,,,,,,,,,,
HVZQP1,editor,,,,,YMGJAG,VFCI6M,,Schema.org CreativeWork,VPR62B,,,,,,,,,,,,,,,,
ROSKM3,encoding,,,,,HNHAYW,N8V5BR,,Schema.org CreativeWork,VPR62B,,,,,,,,,,,,,,,,
QB9H8J,encodingFormat,,,,,HNHAYW,N8V5BR,,Schema.org CreativeWork,VPR62B,,,,,,,,,,,,,,,,
TK5J3P,funder,,,,,HNHAYW,N8V5BR,,Schema.org CreativeWork,VPR62B,,,,,,,,,,,,,,,,
X236V6,hasPart,,,,,HNHAYW,N8V5BR,,Schema.org CreativeWork,VPR62B,,,,,,,,,,,,,,,,
IR66G7,isAccessibleForFree,,,,,HNHAYW,N8V5BR,,Schema.org CreativeWork,VPR62B,,,,,,,,,,,,,,,,
SA5KLR,isPartOf,,,,,HNHAYW,N8V5BR,,Schema.org CreativeWork,VPR62B,,,,,,,,,,,,,,,,
BS6V8S,keywords,,,,,YMGJAG,VFCI6M,,Schema.org CreativeWork,VPR62B,,,,,,,,,,,,,,,,
D3O2FU,license,,,,,YMGJAG,VFCI6M,,Schema.org CreativeWork,VPR62B,,,,,,,,,,,,,,,,
QOW23Q,position,,,,,HNHAYW,N8V5BR,,Schema.org CreativeWork,VPR62B,,,,,,,,,,,,,,,,
QCJNY5,producer,,,,,HNHAYW,N8V5BR,,Schema.org CreativeWork,VPR62B,,,,,,,,,,,,,,,,
W69QDL,provider,,,,,HNHAYW,N8V5BR,,Schema.org CreativeWork,VPR62B,,,,,,,,,,,,,,,,
CM9D9L,publisher,,,,,YMGJAG,VFCI6M,,Schema.org CreativeWork,VPR62B,,,,,,,,,,,,,,,,
QPLAO4,review,,,,,HNHAYW,N8V5BR,,Schema.org CreativeWork,VPR62B,,,,,,,,,,,,,,,,
LO9FPO,sponsor,,,,,HNHAYW,N8V5BR,,Schema.org CreativeWork,VPR62B,,,,,,,,,,,,,,,,
JN0AVF,version,,,,,DQ0XA6,OO56ML,,Schema.org CreativeWork,VPR62B,,,,,,,,,,,,,,,,
AS5DQW,description,,,,,YMGJAG,VFCI6M,,Schema.org Thing,VPR62B,,,,,,,,,,,,,,,,
S6TJ2R,identifier,,,,,YMGJAG,VFCI6M,,Schema.org Thing,VPR62B,,,,,,,,,,,,,,,,
YA55EF,name,,,,,YMGJAG,VFCI6M,,Schema.org Thing,VPR62B,,,,,,,,,,,,,,,,
LL8UQR,sameAs,,,,,YMGJAG,VFCI6M,,Schema.org Thing,VPR62B,,,,,,,,,,,,,,,,
UVTP4Y,url,,,,,YMGJAG,VFCI6M,,Schema.org Thing,VPR62B,,,,,,,,,,,,,,,,
DCEIIW,relatedLink,,,,,YMGJAG,VFCI6M,,Schema.org Thing,VPR62B,,,,,,,,,,,,,,,,
JEL8PZ,buildInstructions,,,link to installation instructions/documentation,,HNHAYW,BHPPV6,,"CodeMeta v2, v3",VPR62B,,,,,,,,,,,,,,,,
J2DP4R,contIntegration,,,,,HNHAYW,BHPPV6,,CodeMeta,VPR62B,,,,,,,,,,,,,,,,
MTN1SS,continuousIntegration,,,,,HNHAYW,BHPPV6,,CodeMeta,VPR62B,,,,,,,,,,,,,,,,
Y3A6MD,developmentStatus,,,,,HNHAYW,BHPPV6,,CodeMeta,VPR62B,,,,,,,,,,,,,,,,
RG80F0,embargoDate,,,,,HNHAYW,BHPPV6,,CodeMeta,VPR62B,,,,,,,,,,,,,,,,
KL296S,embargoEndDate,,,,,HNHAYW,BHPPV6,,CodeMeta,VPR62B,,,,,,,,,,,,,,,,
QGPHL2,funding,,,,,HNHAYW,BHPPV6,,CodeMeta,VPR62B,,,,,,,,,,,,,,,,
UMPOVP,hasSourceCode,,,,,HNHAYW,BHPPV6,,CodeMeta,VPR62B,,,,,,,,,,,,,,,,
LO1IS6,isSourceCodeOf,,,,,HNHAYW,BHPPV6,,CodeMeta,VPR62B,,,,,,,,,,,,,,,,
K6A301,issueTracker,,,,,HNHAYW,BHPPV6,,CodeMeta,VPR62B,,,,,,,,,,,,,,,,
MW60OJ,maintainer,,,,,DQ0XA6,BHPPV6,,CodeMeta,VPR62B,,,,,,,,,,,,,,,,
N61VT4,readme,,,,,HNHAYW,BHPPV6,,CodeMeta,VPR62B,,,,,,,,,,,,,,,,
H77BZO,referencePublication,,,,,HNHAYW,BHPPV6,,CodeMeta,VPR62B,,,,,,,,,,,,,,,,
B12XM0,softwareSuggestions,,,,,HNHAYW,BHPPV6,,CodeMeta,VPR62B,,,,,,,,,,,,,,,,
YSROT5,applicationCategory,,,,,HNHAYW,RAE30P,,Schema.org SoftwareApplication,HUHY5R,,,,,,,,,,,,,,,,
UJSJTH,applicationSubCategory,,,,,HNHAYW,RAE30P,,Schema.org SoftwareApplication,HUHY5R,,,,,,,,,,,,,,,,
T3XC6A,applicationSuite,,,,,HNHAYW,RAE30P,,Schema.org SoftwareApplication,HUHY5R,,,,,,,,,,,,,,,,
YN1W46,availableOnDevice,,,,,HNHAYW,RAE30P,,Schema.org SoftwareApplication,HUHY5R,,,,,,,,,,,,,,,,
SD79IS,countriesNotSupported,,,,,HNHAYW,RAE30P,,Schema.org SoftwareApplication,HUHY5R,,,,,,,,,,,,,,,,
ZG9VGW,countriesSupported,,,,,HNHAYW,RAE30P,,Schema.org SoftwareApplication,HUHY5R,,,,,,,,,,,,,,,,
O7NKXU,downloadUrl,,,,,HNHAYW,RAE30P,,Schema.org SoftwareApplication,HUHY5R,,,,,,,,,,,,,,,,
AIBNC2,featureList,,,,,HNHAYW,RAE30P,,Schema.org SoftwareApplication,HUHY5R,,,,,,,,,,,,,,,,
A9JJMT,fileSize,,,,,HNHAYW,RAE30P,,Schema.org SoftwareApplication,HUHY5R,,,,,,,,,,,,,,,,
Z7PHVJ,installUrl,,,,,HNHAYW,RAE30P,,Schema.org SoftwareApplication,HUHY5R,,,,,,,,,,,,,,,,
BL1UIC,memoryRequirements,,,,,HNHAYW,RAE30P,,Schema.org SoftwareApplication,HUHY5R,,,,,,,,,,,,,,,,
MTMWLI,operatingSystem,,,,,HNHAYW,RAE30P,,Schema.org SoftwareApplication,HUHY5R,,,,,,,,,,,,,,,,
KADWK6,permissions,,,,,HNHAYW,RAE30P,,Schema.org SoftwareApplication,HUHY5R,,,,,,,,,,,,,,,,
Q7754D,processorRequirements,,,,,HNHAYW,RAE30P,,Schema.org SoftwareApplication,HUHY5R,,,,,,,,,,,,,,,,
SG92VR,releaseNotes,,,,,HNHAYW,RAE30P,,Schema.org SoftwareApplication,HUHY5R,,,,,,,,,,,,,,,,
V52BBX,screenshot,,,,,HNHAYW,RAE30P,,Schema.org SoftwareApplication,HUHY5R,,,,,,,,,,,,,,,,
UTW9Z2,softwareAddOn,,,,,HNHAYW,RAE30P,,Schema.org SoftwareApplication,HUHY5R,,,,,,,,,,,,,,,,
YMMRQD,softwareHelp,,,,,HNHAYW,RAE30P,,Schema.org SoftwareApplication,HUHY5R,,,,,,,,,,,,,,,,
ZMSK7K,softwareRequirements,,,,,HNHAYW,RAE30P,,Schema.org SoftwareApplication,HUHY5R,,,,,,,,,,,,,,,,
B3RDPU,softwareVersion,,,,,HNHAYW,RAE30P,,Schema.org SoftwareApplication,HUHY5R,,,,,,,,,,,,,,,,
KYG663,storageRequirements,,,,,HNHAYW,RAE30P,,Schema.org SoftwareApplication,HUHY5R,,,,,,,,,,,,,,,,
TW87KE,supportingData,,,,,HNHAYW,RAE30P,,Schema.org SoftwareApplication,HUHY5R,,,,,,,,,,,,,,,,
XDXG5Y,family name,,,family name (P734): part of full name of person,,DQ0XA6,B6LS0S,,Wikidata,J5LOVZ,,,,,,,,,,,,,,,,
UBS5OT,given name,,,given name (P735): first name or another given name of this person,,DQ0XA6,B6LS0S,,Wikidata,J5LOVZ,,,,,,,,,,,,,,,,
IFAI1Y,email address,,,"email address (P968): email address, prefixed with mailto:",,DQ0XA6,B6LS0S,,Wikidata,J5LOVZ,,,,,,,,,,,,,,,,
,,,,,,,,,,,,,,,,,,,,,,,,,,
KV87R9,ID,,,6-stellige Hexadezimalzahl zur eindeutigen Identifikation der Ressource,,DQ0XA6,KX62YX,,PROV Services and Tools v1.0,KLJQRH,,,,,,,,,,,,,,,,
M4DGZ1,Bezeichnung,,,Bezeichnung bzw. Name für die Ressource,,DQ0XA6,W0PDK4,,PROV Services and Tools v1.0,KLJQRH,,,,,,,,,,,,,,,,
SSBY7V,Beschreibung,,,Kurze Beschreibung der Ressource: Was findet man dort thematisch und technisch?,,DQ0XA6,KP15EJ,,PROV Services and Tools v1.0,KLJQRH,,,,,,,,,,,,,,,,
ZWKY4L,URL,,,Link zur Ressource,,DQ0XA6,V8HDG6,,PROV Services and Tools v1.0,KLJQRH,,,,,,,,,,,,,,,,
NDZGRF,type,,,Technischer Typ,,DQ0XA6,V4JDTK,,PROV Services and Tools v1.0,KLJQRH,,,,,,,,,,,,,,,,
BLAB0L,category,,,Kontext,,DQ0XA6,H0IEJF,,PROV Services and Tools v1.0,KLJQRH,,,,,,,,,,,,,,,,
,,,,,,,,,,,,,,,,,,,,,,,,,,
RHVWDD,Identifier,Identifier,,eindeutige Vorgangs-/Maßnahmennummer,,DQ0XA6,KX62YX,,ARA,KYF46O,,,,,,,,,,,,,,,,
N4MAYU,Name,Name,,Fundstellen- oder Vorgangsbenennung,,DQ0XA6,W0PDK4,,ARA,KYF46O,,,,,,,,,,,,,,,,
WRCO3I,Kurzansprache,Feature,,Typ d. Fundstelle z. B. Befestigung,,DQ0XA6,H0IEJF,,ARA,KYF46O,,,,,,,,,,,,,,,,
E3RPL9,Ansprache erweitert,Broader Feature,,Liste aller zugelieferten Fundstellentypen,,DQ0XA6,H0IEJF,,ARA,KYF46O,,,,,,,,,,,,,,,,
IQC8E5,Datierung,Dating,,VLA Zeitstrahl / Chronontology,,DQ0XA6,B49OER,,ARA,KYF46O,,,,,,,,,,,,,,,,
V4IGLD,Ort,Location,,Geonames/Gazeteer,,DQ0XA6,EBTWZ2,,ARA,KYF46O,,,,,,,,,,,,,,,,
VJC4UI,Geometrie,Coordinates,,Koordinaten d. Aktivität (Punkt/Polygon) WKT,,DQ0XA6,QAAJ5W,,ARA,KYF46O,,,,,,,,,,,,,,,,
TMNTAI,Art,Type of Arch. Activity,,Mehrfachauswahl Art d. Aktivität,,YMGJAG,VFCI6M,,ARA,KYF46O,,,,,,,,,,,,,,,,
QGAFVR,vorangegangene/verknüpfte Aktivitäten,Linked Activities,,,,YMGJAG,VFCI6M,,ARA,KYF46O,,,,,,,,,,,,,,,,
H6F7S9,Zeitraum/punkt der Aktivität,Date of Activity,,,,DQ0XA6,L6C5YL,,ARA,KYF46O,,,,,,,,,,,,,,,,
ND3DI2,Verantwortliche Person,Responsiblity (Person),,"Grabungsleitung, Referent o. ä.",,YMGJAG,VFCI6M,,ARA,KYF46O,,,,,,,,,,,,,,,,
L2TDHU,Verantwortliche Institution,Responsiblity (Institution),,"Landesamt, Uniarchiv, DAI etc.",,YMGJAG,VFCI6M,,ARA,KYF46O,,,,,,,,,,,,,,,,
EYZU1G,Datenhaltende Stelle,Curator,,verantwortliche Institution,,YMGJAG,VFCI6M,,ARA,KYF46O,,,,,,,,,,,,,,,,
KRXM7D,Dokumentation digital/analog,Data Set Type,,,,YMGJAG,VFCI6M,,ARA,KYF46O,,,,,,,,,,,,,,,,
WL9GY9,Link zum Datensatz,Link Data Set,,URL,,DQ0XA6,F1CNR9,,ARA,KYF46O,,,,,,,,,,,,,,,,
P8S78M,Lizenz Datensatz,Data Set Licence,,,,DQ0XA6,F1CNR9,,ARA,KYF46O,,,,,,,,,,,,,,,,
MFA5X7,Literatur,Bibliography,,,,YMGJAG,VFCI6M,,ARA,KYF46O,,,,,,,,,,,,,,,,
PCEQ25,Funde/Befunde/Proben,Findings/Features/Samples,,Ja/Nein-Auswahl; evtl. Einzelfelder mit Zahlenangabe?,,YMGJAG,VFCI6M,,ARA,KYF46O,,,,,,,,,,,,,,,,
TYAIJP,Ausdehnung,Area (m²),,Angabe zur Ausdehung d. untersuchten Fläche qm,,YMGJAG,VFCI6M,,ARA,KYF46O,,,,,,,,,,,,,,,,
DP5YPS,Plana/Profile,Number of Plana/Profiles,,Angabe zur Anzahl d. Plana u. Profile,,YMGJAG,VFCI6M,,ARA,KYF46O,,,,,,,,,,,,,,,,
Z9NSY0,Lizenz Metadaten,Licence Metadata,,sollte vom Betreiber des Dienstes festgelegt werden,,DQ0XA6,F1CNR9,,ARA,KYF46O,,,,,,,,,,,,,,,,
,,,,,,,,,,,,,,,,,,,,,,,,,,
GAXDWK,certainty level,,,,,HNHAYW,RHY8N1,,fuzzy-sl,IN0SPM,,,,,,,,,,,,,,,,
UPU3X7,certainty description,,,,,HNHAYW,RHY8N1,,fuzzy-sl,IN0SPM,,,,,,,,,,,,,,,,
JE2FK2,method used,,,,,HNHAYW,RHY8N1,,fuzzy-sl,IN0SPM,,,,,,,,,,,,,,,,
SLA8P9,acting person,,,,,HNHAYW,RHY8N1,,fuzzy-sl,IN0SPM,,,,,,,,,,,,,,,,
DS9MXX,method description,,,,,HNHAYW,RHY8N1,,fuzzy-sl,IN0SPM,,,,,,,,,,,,,,,,
JJAFY0,source type (detail),,,,,HNHAYW,RHY8N1,,fuzzy-sl,IN0SPM,,,,,,,,,,,,,,,,
SIGY8B,source type (generic),,,,,HNHAYW,RHY8N1,,fuzzy-sl,IN0SPM,,,,,,,,,,,,,,,,
SXI6DM,precision,,,,,HNHAYW,RHY8N1,,fuzzy-sl,IN0SPM,,,,,,,,,,,,,,,,
V79CWV,location type,,,,,HNHAYW,RHY8N1,,fuzzy-sl,IN0SPM,,,,,,,,,,,,,,,,
QMHHSX,point type,,,,,HNHAYW,RHY8N1,,fuzzy-sl,IN0SPM,,,,,,,,,,,,,,,,
VKOHY5,instance of,,,,,YMGJAG,VFCI6M,,fuzzy-sl,IN0SPM,,,,,,,,,,,,,,,,
CLWPGY,related to,,,,,YMGJAG,VFCI6M,,fuzzy-sl,IN0SPM,,,,,,,,,,,,,,,,
TSYLYN,related to type,,,,,YMGJAG,VFCI6M,,fuzzy-sl,IN0SPM,,,,,,,,,,,,,,,,
SXHGM8,has reference,,,,,YMGJAG,VFCI6M,,fuzzy-sl,IN0SPM,,,,,,,,,,,,,,,,
W7ATPO,reference URL,,,,,YMGJAG,VFCI6M,,fuzzy-sl,IN0SPM,,,,,,,,,,,,,,,,
IZWLDY,part of,,,,,YMGJAG,VFCI6M,,fuzzy-sl,IN0SPM,,,,,,,,,,,,,,,,
LWQ5U6,has spatial type,,,,,YMGJAG,VFCI6M,,fuzzy-sl,IN0SPM,,,,,,,,,,,,,,,,
RAI09X,has coordinate,,,,,DQ0XA6,QAAJ5W,,fuzzy-sl,IN0SPM,,,,,,,,,,,,,,,,
S0MT0K,has spatial category,,,,,YMGJAG,VFCI6M,,fuzzy-sl,IN0SPM,,,,,,,,,,,,,,,,
PX14Y6,located in the administrative territorial entity,,,,,DQ0XA6,EBTWZ2,,fuzzy-sl,IN0SPM,,,,,,,,,,,,,,,,
QWW166,label,,,,,DQ0XA6,W0PDK4,,fuzzy-sl,IN0SPM,,,,,,,,,,,,,,,,
ITBC4E,description,,,,,DQ0XA6,KP15EJ,,fuzzy-sl,IN0SPM,,,,,,,,,,,,,,,,
RM9ZW8,alias,,,,,DQ0XA6,W0PDK4,,fuzzy-sl,IN0SPM,,,,,,,,,,,,,,,,
MVDWV1,Q-ID,,,,,DQ0XA6,KX62YX,,fuzzy-sl,IN0SPM,,,,,,,,,,,,,,,,
,,,,,,,,,,,,,,,,,,,,,,,,,,
DGAQX5,item_name,,,,,DQ0XA6,W0PDK4,,open-archaeo,HBHNVC,,,,,,,,,,,,,,,,
Y6HWIT,description,,,,,DQ0XA6,KP15EJ,,open-archaeo,HBHNVC,,,,,,,,,,,,,,,,
TSCZ5T,github,,,,,DQ0XA6,DMNAV5,,open-archaeo,HBHNVC,,,,,,,,,,,,,,,,
JVPEHO,gist,,,,,DQ0XA6,DMNAV5,,open-archaeo,HBHNVC,,,,,,,,,,,,,,,,
O3K506,gitlab,,,,,DQ0XA6,DMNAV5,,open-archaeo,HBHNVC,,,,,,,,,,,,,,,,
MQ1KT7,bitbucket,,,,,DQ0XA6,DMNAV5,,open-archaeo,HBHNVC,,,,,,,,,,,,,,,,
B4A319,launchpad,,,,,YMGJAG,VFCI6M,,open-archaeo,HBHNVC,,,,,,,,,,,,,,,,
GA9NVR,twitter,,,,,YMGJAG,VFCI6M,,open-archaeo,HBHNVC,,,,,,,,,,,,,,,,
GLAKQJ,youtube,,,,,YMGJAG,VFCI6M,,open-archaeo,HBHNVC,,,,,,,,,,,,,,,,
R8FKWK,blogpost,,,,,YMGJAG,VFCI6M,,open-archaeo,HBHNVC,,,,,,,,,,,,,,,,
DW9FKA,cran,,,,,YMGJAG,VFCI6M,,open-archaeo,HBHNVC,,,,,,,,,,,,,,,,
CPR4IU,pypi,,,,,YMGJAG,VFCI6M,,open-archaeo,HBHNVC,,,,,,,,,,,,,,,,
H5PAZV,codeberg,,,,,YMGJAG,VFCI6M,,open-archaeo,HBHNVC,,,,,,,,,,,,,,,,
ZNBTOG,website,,,,,DQ0XA6,V8HDG6,,open-archaeo,HBHNVC,,,,,,,,,,,,,,,,
XE0BDN,publication,,,,,YMGJAG,VFCI6M,,open-archaeo,HBHNVC,,,,,,,,,,,,,,,,
CIDBBO,DOI,,,,,YMGJAG,VFCI6M,,open-archaeo,HBHNVC,,,,,,,,,,,,,,,,
O9CMS7,author_name,,,,,DQ0XA6,FEO71C,,open-archaeo,HBHNVC,,,,,,,,,,,,,,,,
TCZER8,category,,,,,DQ0XA6,H0IEJF,,open-archaeo,HBHNVC,,,,,,,,,,,,,,,,
GTTO7K,platform,,,,,YMGJAG,VFCI6M,,open-archaeo,HBHNVC,,,,,,,,,,,,,,,,
TZ8K93,tag,,,,,DQ0XA6,H0IEJF,,open-archaeo,HBHNVC,,,,,,,,,,,,,,,,
XT002O,notes,,,,,YMGJAG,VFCI6M,,open-archaeo,HBHNVC,,,,,,,,,,,,,,,,
SO9EJO,internetarchive,,,,,YMGJAG,VFCI6M,,open-archaeo,HBHNVC,,,,,,,,,,,,,,,,
